roll_number,name,Approval_status,Credit_status,email,phone
220103120,Shafira Bradford,Approved,Credit,donec.dignissim.magna@aol.net,488-2123
240104006,Amela Russo,Approved,Credit,arcu@icloud.edu,418-8416
240104048,Odysseus Hines,Approved,Credit,sit.amet@icloud.net,184-5970
240104066,Ivor Strong,Approved,Credit,condimentum.eget@protonmail.edu,960-7829
240104068,Iliana Pitts,Approved,Credit,commodo@aol.net,309-9146
240108054,Lars Potter,Approved,Credit,nibh.sit@hotmail.com,520-7860
240121010,Austin Cabrera,Approved,Credit,non.magna.nam@icloud.com,202-3294
224156011,Mariko Alexander,Approved,Credit,proin.eget@google.couk,222-8541
224156016,Dustin Sherman,Approved,Credit,lorem.ipsum.dolor@icloud.net,449-2086
224159010,Darius Blevins,Approved,Credit,egestas.aliquam@protonmail.com,352-3553
224159015,Galena Santos,Approved,Credit,vulputate.lacus@icloud.org,578-5948
224159020,Iona Schroeder,Approved,Credit,nonummy@protonmail.edu,746-8796
270101001,Sawyer Holland,Approved,Credit,ut.nisi.a@outlook.ca,821-1234
270101002,Harrison Rowland,Approved,Credit,ultricies@icloud.ca,277-3832
270101003,Nita Welch,Approved,Credit,est.mauris@aol.net,204-8551
270101004,Mary Harvey,Approved,Credit,sed.pharetra@outlook.net,441-1467
270101005,Jacqueline Morgan,Approved,Credit,at.velit@aol.org,733-2137
270101006,Charlotte Giles,Approved,Credit,elit@yahoo.org,464-3805
270101007,Ishmael Frank,Approved,Credit,lobortis.tellus@google.net,340-6183
270101008,Nicholas Romero,Approved,Credit,nisl.maecenas@google.edu,648-2616
270101009,Lucian Fields,Approved,Credit,pede.nunc@yahoo.org,346-6107
270101010,Nathan Maxwell,Approved,Credit,ultrices.vivamus@protonmail.com,129-4789
270101012,Lucas Hogan,Approved,Credit,enim@hotmail.couk,658-3448
270101013,Zenaida Fleming,Approved,Credit,etiam@yahoo.org,137-1115
270101014,Gabriel Schmidt,Approved,Credit,arcu@yahoo.org,545-6128
270101015,Lionel Battle,Approved,Credit,quis@aol.edu,327-7658
270101016,Maxwell Hardin,Approved,Credit,lobortis.quam@google.edu,329-2733
270101017,Cara Massey,Approved,Credit,sed@protonmail.ca,512-7801
270101018,Hop Mayer,Approved,Credit,risus.donec.egestas@google.ca,148-1261
270101019,Timon Melendez,Approved,Credit,ut.nisi@hotmail.couk,647-3821
270101020,Kenneth Nunez,Approved,Credit,ac@aol.ca,365-5648
270101021,Lacey Fox,Approved,Credit,leo.elementum.sem@outlook.ca,245-7815
270101022,Amir Castillo,Approved,Credit,tincidunt.congue@icloud.couk,357-5501
270101023,Hu Nunez,Approved,Credit,convallis@outlook.org,877-2348
270101024,Omar Gamble,Approved,Credit,sagittis@outlook.couk,280-8522
270101025,Adena Bush,Approved,Credit,gravida@hotmail.ca,519-6189
270101026,Quinn Newton,Approved,Credit,ornare.placerat@google.net,366-7709
270101027,Rashad Mercado,Approved,Credit,natoque.penatibus@yahoo.couk,886-1612
270101028,Craig Salazar,Approved,Credit,a.ultricies.adipiscing@outlook.edu,311-2745
270101029,Mechelle Dickson,Approved,Credit,blandit@outlook.ca,257-7648
270101030,Zahir Woods,Approved,Credit,commodo.tincidunt.nibh@google.org,565-2564
270101031,Amanda Gay,Approved,Credit,quisque.ac.libero@protonmail.org,783-6692
270101032,Dale Cote,Approved,Credit,nulla.aliquet@icloud.edu,998-8526
270101033,Tasha Wood,Approved,Credit,eu.accumsan@google.com,492-8776
270101034,Ezekiel Howard,Approved,Credit,lacus.aliquam@protonmail.net,714-6125
270101035,Myles Parks,Approved,Credit,nullam.enim@icloud.ca,760-4148
270101036,Kiara Jefferson,Approved,Credit,nec.malesuada@protonmail.org,886-0029
270101037,Cadman Barton,Approved,Credit,convallis.in@yahoo.edu,635-3873
270101038,Merrill Patel,Approved,Credit,vivamus@google.couk,880-1517
270101039,Briar Bailey,Approved,Credit,nulla.tempor.augue@aol.net,584-4249
270101040,Remedios Gibson,Approved,Credit,metus.eu@yahoo.ca,491-8321
270101041,Chadwick Craig,Approved,Credit,faucibus.morbi@aol.com,364-1415
270101042,Zeph Ramirez,Approved,Credit,auctor@google.org,373-1719
270101043,Lila Crosby,Approved,Credit,condimentum@hotmail.net,189-6116
270101044,Melvin Potts,Approved,Credit,sit.amet.ante@hotmail.couk,565-6606
270101045,Adrian George,Approved,Credit,et.rutrum@hotmail.ca,927-8594
270101046,Paki Duke,Approved,Credit,consequat@hotmail.couk,226-8024
270101047,Savannah Collier,Approved,Credit,scelerisque.dui@icloud.net,374-1067
270101048,August Maldonado,Approved,Credit,in@icloud.edu,670-5634
270101049,Idona Farrell,Approved,Credit,arcu.nunc@protonmail.couk,961-1421
270101050,Salvador Higgins,Approved,Credit,sed.molestie@aol.org,866-9426
270101051,Chava Gill,Approved,Credit,in.ornare@outlook.couk,457-4769
270101052,William Goff,Approved,Credit,integer.vulputate.risus@outlook.org,243-1556
270101053,Dennis Cameron,Approved,Credit,in.faucibus@protonmail.com,624-9112
270101054,MacKenzie Phelps,Approved,Credit,quis.arcu.vel@outlook.ca,768-1773
270101055,Fritz Garza,Approved,Credit,ligula.elit@aol.net,334-7297
270101056,Cedric Copeland,Approved,Credit,arcu.sed@icloud.couk,856-6298
270101057,Scarlett Hebert,Approved,Credit,tellus.eu@aol.net,447-6174
270101058,Jacqueline Stanley,Approved,Credit,auctor@protonmail.ca,901-8287
270101059,Anika Mcdaniel,Approved,Credit,imperdiet@protonmail.org,386-7460
270101060,Lacey Soto,Approved,Credit,cubilia@yahoo.couk,863-6623
270101061,Shelly Morrow,Approved,Credit,turpis.vitae.purus@outlook.org,923-4511
270101062,Winifred Jarvis,Approved,Credit,montes.nascetur@aol.org,462-0132
270101063,Jeremy Newton,Approved,Credit,mattis.cras@outlook.ca,793-8886
270101064,Herman Harrison,Approved,Credit,in.consectetuer@protonmail.com,142-6951
270101065,Irma Combs,Approved,Credit,cras.lorem@google.edu,804-4871
270101066,Jasper Combs,Approved,Credit,per.conubia.nostra@aol.net,620-0398
270101067,Derek Conner,Approved,Credit,auctor.quis@outlook.edu,887-7866
270101068,Kylie Hartman,Approved,Credit,maecenas.libero@icloud.net,237-4762
270101069,Ramona David,Approved,Credit,pede.nunc@google.ca,419-4728
270101070,Quinlan Mckinney,Approved,Credit,orci.donec@hotmail.edu,319-7487
270101071,Amena Rice,Approved,Credit,pellentesque.ultricies@outlook.ca,347-4671
270101072,Pascale Hancock,Approved,Credit,convallis@protonmail.net,373-6344
270101073,Petra Glover,Approved,Credit,gravida.non.sollicitudin@outlook.net,812-5038
270101074,Jemima Cantu,Approved,Credit,ipsum@protonmail.ca,730-4336
270101075,Tamara Taylor,Approved,Credit,penatibus.et@protonmail.net,588-7273
270101076,Cairo Flynn,Approved,Credit,mauris.molestie@yahoo.edu,739-1866
270101077,Philip Curtis,Approved,Credit,orci.sem@yahoo.net,838-2652
270101078,Felicia Burgess,Approved,Credit,eget.laoreet@aol.com,255-0234
270101079,Isaiah Valentine,Approved,Credit,felis.eget.varius@protonmail.net,831-9843
270101080,Leah Mills,Approved,Credit,gravida.mauris@icloud.net,323-9750
270101081,Portia Waters,Approved,Credit,a.magna.lorem@aol.com,563-3269
270101082,Liberty Vinson,Approved,Credit,maecenas.iaculis@outlook.ca,345-2166
270101083,Charde Osborne,Approved,Credit,aenean.eget@google.couk,248-6625
270101084,Sawyer Mckinney,Approved,Credit,urna.vivamus@icloud.net,837-7386
270101085,Audra Hendricks,Approved,Credit,id@yahoo.org,735-7808
270101086,Idona Thornton,Approved,Credit,at.sem@icloud.com,612-1188
270101087,Flynn Colon,Approved,Credit,dapibus.gravida@aol.net,267-3534
270101088,Kalia Church,Approved,Credit,mauris@google.couk,845-8635
270101089,Sheila Weeks,Approved,Credit,aliquet.lobortis@outlook.net,646-2532
270101090,Winter Sims,Approved,Credit,lacus.vestibulum@yahoo.org,253-5425
270101091,Quintessa Richard,Approved,Credit,ligula.elit@icloud.edu,110-5053
270101092,Lyle Eaton,Approved,Credit,magna.suspendisse@hotmail.org,636-9168
270101093,Carlos Camacho,Approved,Credit,proin.velit.sed@aol.ca,919-6138
270101094,Kane Cochran,Approved,Credit,hendrerit.id@google.org,615-3599
270101095,Matthew Nash,Approved,Credit,in.faucibus.orci@protonmail.com,534-8026
270101096,Honorato Mcfarland,Approved,Credit,quis@aol.couk,401-8398
270101097,Edan Ellison,Approved,Credit,nibh.vulputate@protonmail.ca,875-4525
270101098,Summer Dunn,Approved,Credit,risus.nulla.eget@yahoo.org,671-1281
270101099,Yuri Hendricks,Approved,Credit,et.ipsum@icloud.couk,884-6742
270101100,Xyla Mcgee,Approved,Credit,vitae.mauris.sit@yahoo.edu,814-4338
270101101,Damon Dennis,Approved,Credit,bibendum.sed@yahoo.com,648-3910
270101102,Gwendolyn Gardner,Approved,Credit,pharetra@icloud.couk,487-2973
270101103,Caryn Joyce,Approved,Credit,orci@icloud.org,863-5177
270101104,Merrill Howell,Approved,Credit,in@yahoo.com,859-6497
270101105,Wilma Coffey,Approved,Credit,aliquet.metus.urna@outlook.com,664-3218
270101106,James Carr,Approved,Credit,sagittis.augue@hotmail.net,817-6374
270101107,Tashya Keith,Approved,Credit,vestibulum.accumsan.neque@protonmail.edu,647-3674
270101108,Garth O'donnell,Approved,Credit,suspendisse@icloud.org,534-0051
270101109,Omar Potts,Approved,Credit,cursus.et@hotmail.com,831-2167
270101110,Steel Herman,Approved,Credit,quis@aol.couk,227-6259
270101111,Gail Wolfe,Approved,Credit,eu.tellus.phasellus@yahoo.edu,402-5578
270101112,Phelan Hobbs,Approved,Credit,proin.mi@icloud.edu,780-3345
270101113,Ryder Mcfadden,Approved,Credit,augue@google.couk,741-6198
270101122,David Dyer,Approved,Credit,imperdiet@hotmail.edu,592-4676
270123080,Kane Mcintyre,Approved,Credit,massa@protonmail.couk,612-4245
270123078,Hannah Vega,Approved,Credit,hendrerit.donec@hotmail.org,576-7422
270101124,Caesar Stanley,Approved,Credit,ornare.in.faucibus@aol.com,646-2272
270101117,Macon Holcomb,Approved,Credit,varius.orci@icloud.net,986-6653
270123079,Berk Parrish,Approved,Credit,mauris@yahoo.couk,396-4143
270101118,Remedios Franks,Approved,Credit,vel.mauris.integer@protonmail.net,254-9978
270123077,Graiden Glass,Approved,Credit,eros.turpis@icloud.ca,769-7982
270123084,Shelby Palmer,Approved,Credit,blandit.viverra@yahoo.ca,324-1274
270101125,Len Chang,Approved,Credit,ridiculus@google.com,621-4356
270101116,Kameko Leonard,Approved,Credit,sodales@hotmail.com,463-8358
270123072,Harding Walker,Approved,Credit,risus.nunc@outlook.ca,110-3912
270101114,Christian Schmidt,Approved,Credit,cras.lorem.lorem@aol.net,734-4146
270123073,Tamekah Bullock,Approved,Credit,ante.vivamus@aol.net,498-5896
270123076,Brian Dudley,Approved,Credit,est@outlook.net,972-0522
270123074,Amity Thornton,Approved,Credit,maecenas.libero@aol.ca,724-5213
270101119,Imelda Crawford,Approved,Credit,aenean.sed@hotmail.com,628-8733
270123001,Leila Patton,Approved,Credit,risus@yahoo.ca,773-6016
270123002,Asher Mendoza,Approved,Credit,sapien@protonmail.org,464-6649
270123003,Grant Duke,Approved,Credit,imperdiet.ornare@icloud.org,943-2312
270123004,Rina Bowman,Approved,Credit,bibendum@outlook.edu,561-6292
270123005,Uma Solomon,Approved,Credit,enim@icloud.edu,518-4788
270123006,Chester Petersen,Approved,Credit,duis@hotmail.edu,668-1899
270123007,Drew Taylor,Approved,Credit,a@icloud.ca,316-5018
270123008,Gretchen Rodgers,Approved,Credit,fringilla@outlook.ca,228-4168
270123009,Coby Sykes,Approved,Credit,eget.nisi@aol.ca,435-6838
270123010,Shoshana Charles,Approved,Credit,odio.vel.est@icloud.ca,514-0932
270123011,Kato Dickerson,Approved,Credit,eu.neque@aol.couk,502-9256
270123012,Julie Atkins,Approved,Credit,suspendisse.sed@hotmail.edu,985-8343
270123013,Anne Goodman,Approved,Credit,tellus.sem@google.net,396-0507
270123014,Colin Mccarthy,Approved,Credit,dolor.nulla@icloud.net,536-5883
270123015,Abraham Dennis,Approved,Credit,eleifend@aol.com,336-4062
270123016,April Small,Approved,Credit,euismod.est@hotmail.ca,489-8535
270123017,Amethyst Goodwin,Approved,Credit,mollis.phasellus@aol.com,297-6802
270123018,Zenaida Lott,Approved,Credit,imperdiet.ullamcorper.duis@hotmail.org,647-4456
270123019,Sasha Downs,Approved,Credit,enim.etiam@aol.net,673-6378
270123020,Brady Macias,Approved,Credit,nibh.sit@hotmail.net,495-8623
270123021,Griffin Munoz,Approved,Credit,laoreet.posuere@hotmail.edu,984-7721
270123022,Keely Michael,Approved,Credit,eros.nam@google.org,135-8592
270123023,Hector Wooten,Approved,Credit,gravida@yahoo.com,736-2970
270123024,Madeline Chen,Approved,Credit,ornare.fusce@icloud.net,263-2800
270123025,Malik Larson,Approved,Credit,auctor.velit.eget@outlook.com,362-3593
270123026,Rogan Sexton,Approved,Credit,vitae@google.edu,855-4266
270123027,Brittany Sosa,Approved,Credit,sit.amet.risus@icloud.ca,896-5421
270123028,Hector Stark,Approved,Credit,sapien.cras.dolor@protonmail.ca,545-4067
270123029,Yoshio Grant,Approved,Credit,quisque.purus@outlook.couk,313-6620
270123030,Mariko Hill,Approved,Credit,sed.est.nunc@icloud.ca,342-3715
270123031,Robert Parrish,Approved,Credit,magna.sed.dui@outlook.org,765-6178
270123032,Anjolie Reid,Approved,Credit,magna@hotmail.net,710-7821
270123033,Benedict Warren,Approved,Credit,posuere.cubilia@yahoo.ca,585-3783
270123034,Seth Herrera,Approved,Credit,at.fringilla.purus@google.org,332-7929
270123036,Rina Payne,Approved,Credit,velit@aol.couk,154-1705
270123037,Beatrice Montoya,Approved,Credit,semper.tellus.id@google.net,367-3456
270123038,Heather Miranda,Approved,Credit,libero.nec@icloud.org,561-4477
270101120,Len Goff,Approved,Credit,cum@icloud.edu,838-5218
270123040,Brittany Morrison,Approved,Credit,libero.morbi@hotmail.edu,412-9404
270123041,Hashim Stephenson,Approved,Credit,fringilla.cursus@protonmail.ca,536-6187
270123042,Prescott Guy,Approved,Credit,vitae.mauris.sit@google.ca,637-9074
270123043,Xantha Flowers,Approved,Credit,amet.diam@aol.ca,465-7573
270123044,Tucker Collier,Approved,Credit,sapien@protonmail.edu,509-8385
270123045,Hop Morrison,Approved,Credit,nunc.risus@aol.com,386-8109
270123046,Ignacia Hampton,Approved,Credit,gravida.sit@icloud.net,578-1957
270123047,Tarik Daniel,Approved,Credit,a.enim@google.com,765-2877
270123048,Joshua Sellers,Approved,Credit,pellentesque.habitant@icloud.couk,525-7675
270123049,Buffy Galloway,Approved,Credit,integer.tincidunt.aliquam@protonmail.org,274-7245
270123050,Brock Mcbride,Approved,Credit,luctus.sit@icloud.couk,598-9167
270123051,Rachel Griffin,Approved,Credit,sit.amet.nulla@protonmail.com,713-2391
270123052,Bert Guzman,Approved,Credit,purus.ac@icloud.couk,105-8186
270123053,Virginia Emerson,Approved,Credit,proin.vel@protonmail.ca,427-7787
270123054,Basia Cortez,Approved,Credit,per.conubia@hotmail.net,682-6456
270123055,Porter Fulton,Approved,Credit,aenean@icloud.edu,442-9847
270123056,Reed Vargas,Approved,Credit,rhoncus.id@aol.edu,456-2776
270123057,Britanni Justice,Approved,Credit,pharetra.sed.hendrerit@google.com,289-5522
270123058,Kylan Vega,Approved,Credit,vestibulum.nec@outlook.edu,733-7912
270123059,Mariko Michael,Approved,Credit,quisque.fringilla.euismod@hotmail.org,263-4576
270123060,Samantha Lawrence,Approved,Credit,iaculis@protonmail.edu,148-2125
270101123,Jordan Davis,Approved,Credit,vitae.mauris.sit@protonmail.edu,707-9422
270123062,Evangeline Guerra,Approved,Credit,quam.elementum.at@protonmail.net,812-8129
270101126,Tara Gaines,Approved,Credit,id.mollis.nec@yahoo.com,877-9923
270101115,Alfreda Russell,Approved,Credit,arcu.sed.eu@aol.com,549-3181
270123065,Dacey Jefferson,Approved,Credit,iaculis.odio.nam@google.ca,534-0914
270123066,Rhona Kline,Approved,Credit,nunc.ac.sem@icloud.couk,485-8635
270123067,Bruce Santos,Approved,Credit,metus@google.com,642-7253
270123068,Charde Eaton,Approved,Credit,egestas.hendrerit@outlook.org,491-3256
270123069,Daria Jackson,Approved,Credit,quisque.porttitor@yahoo.com,502-8726
270123070,Marah Russo,Approved,Credit,eget.lacus.mauris@google.net,585-3183
270123071,Leonard Flowers,Approved,Credit,blandit@yahoo.com,645-8518
270123081,Griffin Gibson,Approved,Credit,et.netus.et@icloud.ca,743-5962
270101121,Paula Holloway,Approved,Credit,tempus.eu.ligula@yahoo.org,348-9358
270123083,Rhoda Caldwell,Approved,Credit,rhoncus.proin@outlook.org,268-6592
270123075,Darrel Strickland,Approved,Credit,non.quam@aol.net,685-8213
270123082,Amanda Henderson,Approved,Credit,tempor.augue.ac@aol.org,167-5885
