roll_number,name,reg_status,credit_status,email,phone
220101091,Frances Barnes,Approved,Credit,orci@icloud.ca,845-1584
220101123,Kelly Rivas,Approved,Credit,curabitur.sed@google.couk,874-3172
270101001,Charde Sosa,Approved,Credit,eget.massa.suspendisse@aol.couk,744-1772
270101002,Sierra Durham,Approved,Credit,mauris.suspendisse.aliquet@icloud.edu,940-1946
270101003,Benjamin Simpson,Approved,Credit,eget.nisi@yahoo.com,364-3213
270101004,Malik Underwood,Approved,Credit,ac.arcu@icloud.couk,537-6168
270101005,Willa Carter,Approved,Credit,quisque.porttitor@google.couk,542-7429
270101006,Tanya Madden,Approved,Credit,vulputate@google.couk,756-4171
270101007,Susan Rowe,Approved,Credit,venenatis.vel@aol.couk,200-9828
270101008,MacKenzie Meadows,Approved,Credit,odio.aliquam@protonmail.com,446-3821
270101009,Ashely Holder,Approved,Credit,mollis.phasellus@outlook.edu,379-3858
270101010,Caesar Cole,Approved,Credit,amet.ornare.lectus@aol.com,298-9127
270101012,Noelani Burch,Approved,Credit,integer.id@outlook.net,854-3726
270101013,Bo Vinson,Approved,Credit,ut.erat.sed@hotmail.com,717-0463
270101014,Bernard Johnson,Approved,Credit,auctor.odio@icloud.net,932-5188
270101015,Cooper Vaughan,Approved,Credit,ut@aol.org,441-1653
270101016,Samuel Wyatt,Approved,Credit,maecenas@hotmail.com,567-7386
270101017,Phelan Ferguson,Approved,Credit,vitae.odio@hotmail.com,554-1367
270101018,Cain Hendricks,Approved,Credit,ligula@google.ca,880-3204
270101019,Ulric Steele,Approved,Credit,velit.eget@outlook.com,675-4179
270101020,Shafira Barrett,Approved,Credit,ac.mattis@protonmail.com,263-5294
270101021,Amethyst Stevens,Approved,Credit,vivamus.non@protonmail.org,183-5812
270101022,Palmer Sheppard,Approved,Credit,donec.at@outlook.ca,533-1224
270101023,Kareem Rodriquez,Approved,Credit,suspendisse.tristique@outlook.couk,411-9528
270101024,Lee Hickman,Approved,Credit,morbi.non@hotmail.edu,785-9126
270101025,Myles Lopez,Approved,Credit,sapien.cras@aol.edu,581-1086
270101026,Karen Clements,Approved,Credit,molestie.dapibus@yahoo.org,266-5635
270101027,Stacey Garza,Approved,Credit,lobortis.quis.pede@yahoo.couk,836-1816
270101028,Joseph Bolton,Approved,Credit,odio.tristique.pharetra@aol.com,457-2286
270101029,Medge Howard,Approved,Credit,ipsum.suspendisse.sagittis@google.com,826-4838
270101030,Palmer Love,Approved,Credit,quisque.porttitor@google.edu,367-5397
270101031,Mara Stanley,Approved,Credit,tempor.lorem@hotmail.net,233-5954
270101032,Acton Martinez,Approved,Credit,porttitor.interdum@hotmail.net,795-4410
270101033,Oren Benson,Approved,Credit,aliquet@yahoo.com,223-4766
270101034,Channing Clark,Approved,Credit,per.conubia@yahoo.ca,523-9512
270101035,Colette Miles,Approved,Credit,nunc.quis@icloud.edu,247-7482
270101036,Sonia Hendrix,Approved,Credit,libero.proin.sed@aol.org,788-7338
270101037,Cora Holden,Approved,Credit,gravida.sit@outlook.org,740-1831
270101038,Germane Stanley,Approved,Credit,massa.mauris.vestibulum@outlook.org,626-6469
270101039,Marcia Marquez,Approved,Credit,orci.phasellus@hotmail.net,323-0365
270101040,Katell Steele,Approved,Credit,cras.sed@aol.edu,221-8558
270101041,Bert Yang,Approved,Credit,libero.proin.mi@google.couk,884-7744
270101042,Carla Barron,Approved,Credit,nec.urna.suscipit@outlook.edu,826-2846
270101043,Josephine Shelton,Approved,Credit,erat.semper@icloud.couk,376-1198
270101044,Debra Morrison,Approved,Credit,suscipit@yahoo.net,556-4743
270101045,Joan Neal,Approved,Credit,eleifend.vitae@outlook.ca,414-3336
270101046,Bryar Olson,Approved,Credit,felis.adipiscing@google.com,821-3588
270101047,Georgia Ewing,Approved,Credit,parturient.montes@icloud.couk,228-9701
270101048,Mason Nolan,Approved,Credit,consectetuer.cursus@yahoo.org,852-5327
270101049,Clinton Huber,Approved,Credit,lorem.ipsum@google.edu,642-2227
270101050,Cullen Watkins,Approved,Credit,neque.sed.dictum@yahoo.org,848-8155
270101051,Jenette Parks,Approved,Credit,orci.adipiscing@aol.ca,355-8043
270101052,Kamal Landry,Approved,Credit,pellentesque.tellus@yahoo.couk,774-3061
270101053,Kristen Randall,Approved,Credit,sed.congue@protonmail.org,843-1496
270101054,Talon Roberson,Approved,Credit,elit.elit@icloud.couk,886-2842
270101055,Hayes Bryan,Approved,Credit,tincidunt.pede.ac@outlook.net,642-3302
270101056,Elliott Chandler,Approved,Credit,lectus.pede@google.couk,118-8097
270101057,Laurel Miller,Approved,Credit,lorem.eu@hotmail.couk,777-0063
270101058,Brady Perkins,Approved,Credit,massa.vestibulum@hotmail.com,372-8371
270101059,David Rice,Approved,Credit,ante@hotmail.com,693-1438
270101060,Hakeem Brooks,Approved,Credit,nibh.dolor@outlook.org,471-6968
270101061,Nigel Conley,Approved,Credit,quisque.tincidunt@outlook.ca,301-5883
270101062,Anne Cervantes,Approved,Credit,diam.dictum@google.com,745-8116
270101063,Tyler Terry,Approved,Credit,sit.amet@protonmail.org,788-0323
270101064,Camilla Shepherd,Approved,Credit,a@protonmail.couk,623-4325
270101065,Jordan Macias,Approved,Credit,enim@icloud.ca,434-0687
270101066,Troy Vance,Approved,Credit,nulla.cras@icloud.org,182-8600
270101067,Derek Ellis,Approved,Credit,ac.eleifend@google.org,381-3706
270101068,MacKenzie Tate,Approved,Credit,vitae.diam.proin@google.edu,613-2571
270101069,Cairo Ford,Approved,Credit,leo.in@aol.ca,911-9829
270101070,Chiquita Christian,Approved,Credit,lacus.quisque@outlook.net,620-7267
270101071,Irene Walls,Approved,Credit,eu@icloud.net,317-2226
270101072,Iola Hooper,Approved,Credit,integer.vulputate.risus@icloud.couk,176-1211
270101073,Ryder Hawkins,Approved,Credit,sodales.mauris.blandit@protonmail.couk,667-0427
270101074,Ursa Pacheco,Approved,Credit,purus.in@icloud.couk,674-1823
270101075,Gage Buckner,Approved,Credit,ac@aol.couk,486-7434
270101076,Alika Kirby,Approved,Credit,suspendisse.aliquet@google.org,511-8179
270101077,Carson Morin,Approved,Credit,nunc.nulla@hotmail.ca,483-3163
270101078,MacKenzie Ashley,Approved,Credit,molestie.sodales@hotmail.ca,689-0537
270101079,Kimberley Mcintosh,Approved,Credit,eleifend.cras@yahoo.ca,710-3803
270101080,Natalie Jennings,Approved,Credit,mi.fringilla@outlook.edu,256-8226
270101081,Finn Weber,Approved,Credit,a.scelerisque@aol.couk,307-6522
270101082,Chantale White,Approved,Credit,sit@protonmail.com,648-1752
270101083,Lester Vaughan,Approved,Credit,lectus.cum@icloud.ca,878-4091
270101084,Alma Dawson,Approved,Credit,urna@hotmail.com,457-6536
270101085,Hayley Valentine,Approved,Credit,non@hotmail.edu,553-2823
270101086,Sylvester Phillips,Approved,Credit,phasellus@yahoo.org,445-8457
270101087,Madonna Holman,Approved,Credit,a.mi@hotmail.org,317-6616
270101088,Mari Bright,Approved,Credit,aliquam.auctor@hotmail.org,439-1710
270101089,Matthew Clark,Approved,Credit,phasellus.vitae.mauris@hotmail.com,541-4470
270101090,Jael Frank,Approved,Credit,risus.donec@icloud.ca,575-4082
270101091,Jennifer Norman,Approved,Credit,eu@aol.couk,127-2430
270101092,Pamela Herrera,Approved,Credit,amet.ante@hotmail.ca,675-5877
270101093,Basil Cohen,Approved,Credit,sagittis.placerat.cras@outlook.net,459-6233
270101094,Darrel Howe,Approved,Credit,tellus@hotmail.couk,441-2756
270101095,Hu Moody,Approved,Credit,quisque.ornare@yahoo.org,862-2767
270101096,Jackson Andrews,Approved,Credit,molestie@google.net,717-4415
270101097,Whilemina Carney,Approved,Credit,proin@outlook.couk,833-8531
270101098,Martin Noble,Approved,Credit,quis.accumsan@icloud.org,565-3857
270101099,Jameson Bush,Approved,Credit,quisque@outlook.edu,864-7568
270101100,Nina David,Approved,Credit,nisl.quisque@icloud.ca,886-6766
270101101,Hillary O'Neill,Approved,Credit,eros.non.enim@google.org,850-4973
270101102,Nolan Glover,Approved,Credit,dui@google.com,778-5036
270101103,Ashton Beard,Approved,Credit,tincidunt.tempus@yahoo.org,893-9762
270101104,Fiona Clarke,Approved,Credit,congue.turpis@yahoo.couk,317-3668
270101105,Kieran Barry,Approved,Credit,ultrices.vivamus.rhoncus@protonmail.org,520-5198
270101106,Nolan Doyle,Approved,Credit,enim.nec@outlook.com,564-3378
270101107,Julie Hays,Approved,Credit,euismod@google.edu,256-0323
270101108,Alea Landry,Approved,Credit,mattis.cras.eget@icloud.com,261-0218
270101109,Catherine Noble,Approved,Credit,integer.tincidunt@aol.net,287-8817
270101110,Montana England,Approved,Credit,pharetra.quisque@google.edu,342-2737
270101111,Heidi Wiggins,Approved,Credit,maecenas.malesuada.fringilla@google.net,823-1327
270101112,Britanni Beach,Approved,Credit,nascetur@google.edu,588-1136
270101113,Colleen Goff,Approved,Credit,tellus.phasellus@google.net,787-3210
270101114,Halla Baker,Approved,Credit,interdum.sed@aol.net,840-4281
270101115,Ginger Mcintyre,Approved,Credit,turpis@protonmail.net,461-1423
270101116,Marcia Garza,Approved,Credit,malesuada.vel@protonmail.edu,188-1547
270101117,Evelyn Ashley,Approved,Credit,eu.erat@protonmail.edu,917-1848
270101118,Christen Dale,Approved,Credit,sed.auctor.odio@hotmail.couk,636-6667
270101119,Evangeline Levy,Approved,Credit,donec.tincidunt@aol.couk,738-4741
270101120,Summer Fields,Approved,Credit,integer.vitae@protonmail.net,862-6460
270101121,Abel Mullins,Approved,Credit,faucibus.orci@google.com,199-2793
270101122,Breanna Vazquez,Approved,Credit,penatibus.et.magnis@hotmail.edu,825-4882
270101123,Brianna Sellers,Approved,Credit,nulla.ante.iaculis@icloud.com,147-8943
270101124,Amethyst Nichols,Approved,Credit,in@yahoo.ca,256-0797
270101125,Christen Mckee,Approved,Credit,cras.eget@icloud.org,272-3433
270101126,Quail Padilla,Approved,Credit,auctor.non@aol.org,733-2401
270123001,Gary Lara,Approved,Credit,volutpat.nunc@protonmail.com,786-7874
270123002,Hedy Campbell,Approved,Credit,vel.arcu@hotmail.edu,467-0661
270123003,Kelsie Kent,Approved,Credit,amet@aol.com,943-1613
270123004,Kirk Christensen,Approved,Credit,morbi.quis@hotmail.org,478-5040
270123005,Byron Wiley,Approved,Credit,mi.fringilla@outlook.com,151-8686
270123006,Garrison Donovan,Approved,Credit,morbi.non@outlook.net,685-1623
270123007,Hammett Chang,Approved,Credit,ac@aol.com,225-2517
270123008,Quon Atkinson,Approved,Credit,donec@hotmail.edu,563-7586
270123009,Kameko Campbell,Approved,Credit,neque.sed.sem@hotmail.couk,155-6439
270123010,Macon Waters,Approved,Credit,nulla.dignissim@outlook.ca,569-3944
270123011,Gretchen Sosa,Approved,Credit,per.inceptos@yahoo.couk,721-0337
270123012,Colby Slater,Approved,Credit,tincidunt.congue@yahoo.org,338-3811
270123013,Mechelle Hayes,Approved,Credit,ligula@aol.net,563-2357
270123014,Rose Higgins,Approved,Credit,nisi.sem@yahoo.com,594-7017
270123015,Cassandra Ochoa,Approved,Credit,libero.proin.mi@google.com,135-3748
270123016,Davis Boyle,Approved,Credit,consectetuer@google.com,174-8172
270123017,Yasir Rosales,Approved,Credit,mauris.blandit.enim@google.edu,644-2159
270123018,James Rogers,Approved,Credit,placerat@aol.net,163-7723
270123019,Benjamin Walton,Approved,Credit,mus@google.org,845-1004
270123020,Dacey Christian,Approved,Credit,magna.phasellus@icloud.couk,787-2220
270123021,Uriah Chase,Approved,Credit,lectus.convallis@protonmail.edu,965-1377
270123022,Colton Andrews,Approved,Credit,pede.sagittis.augue@aol.net,651-3223
270123023,Colby Cohen,Approved,Credit,tincidunt.tempus@outlook.couk,486-4855
270123024,Kitra Caldwell,Approved,Credit,convallis.in@google.ca,337-6710
270123025,Kylynn Mason,Approved,Credit,lacinia.orci.consectetuer@google.org,163-4412
270123026,Ingrid Mccullough,Approved,Credit,non.luctus.sit@icloud.couk,553-2271
270123027,Carissa Duncan,Approved,Credit,elit@icloud.couk,847-7729
270123028,Hedda Daugherty,Approved,Credit,vel.quam@protonmail.net,867-7321
270123029,Sage Clay,Approved,Credit,eu.turpis@google.org,671-7674
270123030,Mariko Hinton,Approved,Credit,lorem@yahoo.ca,682-9406
270123031,Colleen Russo,Approved,Credit,dui.cum.sociis@outlook.couk,313-3217
270123032,Helen Watson,Approved,Credit,lorem.luctus@yahoo.com,688-7415
270123033,Dante Dodson,Approved,Credit,ante.blandit@protonmail.ca,535-5878
270123034,Hedwig Mcleod,Approved,Credit,ac@aol.edu,103-5256
270123036,Zorita Russo,Approved,Credit,in.magna.phasellus@google.net,942-4371
270123037,Galvin Valenzuela,Approved,Credit,mauris.vestibulum@protonmail.ca,954-1197
270123038,Cassidy Taylor,Approved,Credit,eu@icloud.net,612-0012
270123040,Zahir Clayton,Approved,Credit,enim.nisl@aol.couk,356-3585
270123041,Wylie Green,Approved,Credit,nulla@icloud.edu,790-9795
270123042,Kaseem Langley,Approved,Credit,magna.cras@yahoo.ca,472-4249
270123043,Lesley Gould,Approved,Credit,in.condimentum.donec@outlook.couk,393-0343
270123044,Chava Henry,Approved,Credit,tellus@aol.org,654-3130
270123045,Andrew Ewing,Approved,Credit,habitant.morbi@outlook.edu,603-3508
270123046,Adrian Martin,Approved,Credit,lobortis@aol.com,464-6776
270123047,Alice Sheppard,Approved,Credit,elit@protonmail.org,312-1673
270123048,Abraham Jordan,Approved,Credit,massa.lobortis@icloud.net,717-1424
270123049,Eaton Waters,Approved,Credit,ante.ipsum@icloud.org,846-1317
270123050,Sarah Soto,Approved,Credit,nascetur.ridiculus@hotmail.edu,619-2447
270123051,Mia Church,Approved,Credit,nunc@google.edu,477-7773
270123052,Madeson Kennedy,Approved,Credit,convallis.convallis.dolor@yahoo.ca,518-8052
270123053,Keane Foley,Approved,Credit,in.ornare@protonmail.org,386-4321
270123054,Autumn Riley,Approved,Credit,a.felis.ullamcorper@outlook.ca,337-3623
270123055,Fulton Saunders,Approved,Credit,semper.egestas@hotmail.com,746-6382
270123056,Clark Brown,Approved,Credit,sed@google.net,470-2319
270123057,Elijah Austin,Approved,Credit,fusce.aliquam.enim@yahoo.org,653-3561
270123058,Jael Brewer,Approved,Credit,quisque.fringilla@google.ca,609-5874
270123059,Timothy Flynn,Approved,Credit,magnis.dis@hotmail.edu,233-6455
270123060,Cassidy Frank,Approved,Credit,urna.convallis.erat@icloud.ca,710-9143
270123062,Phelan Patrick,Approved,Credit,sit.amet@google.edu,584-1706
270123065,Erin Howell,Approved,Credit,ornare@outlook.com,351-9194
270123066,Sean Hubbard,Approved,Credit,ut@icloud.org,100-6307
270123067,Madaline Gillespie,Approved,Credit,urna@aol.com,430-8244
270123068,Geraldine Daniel,Approved,Credit,molestie.sodales@protonmail.edu,872-7243
270123069,August Walls,Approved,Credit,non.sollicitudin.a@hotmail.com,888-0346
270123070,Amos Sargent,Approved,Credit,in@icloud.net,690-6262
270123071,Briar Bond,Approved,Credit,malesuada.ut.sem@outlook.edu,758-9524
270123072,Kirsten Schmidt,Approved,Credit,nulla.cras.eu@outlook.org,231-0757
270123073,Nora Adkins,Approved,Credit,tristique@hotmail.net,211-3524
270123074,Kuame Fuentes,Approved,Credit,justo.proin@aol.org,114-5235
270123075,Forrest William,Approved,Credit,eu.tempor.erat@google.ca,906-6643
270123076,Joelle Perkins,Approved,Credit,eu.dolor@aol.ca,952-8515
270123077,Darrel Romero,Approved,Credit,dui.nec@icloud.couk,222-7592
270123078,George Carey,Approved,Credit,tempor.diam@google.com,654-2546
270123079,Ezra Mclaughlin,Approved,Credit,nec.imperdiet@hotmail.com,448-6360
270123080,Charlotte Taylor,Approved,Credit,quam.vel@yahoo.ca,816-5561
270123081,Frances Armstrong,Approved,Credit,nisi.a.odio@hotmail.ca,603-8868
270123082,Amela Powell,Approved,Credit,imperdiet.erat.nonummy@hotmail.couk,131-1523
270123083,Leroy Sharpe,Approved,Credit,eget.venenatis.a@outlook.net,689-2474
270123084,Hyatt Hayden,Approved,Credit,sociis.natoque.penatibus@icloud.net,218-3754
270123085,Meghan Morton,Approved,Credit,mollis.nec@protonmail.org,192-6183
